"Status","Start Time","Stop Time","Duration in ms","Parent Suite","Suite","Sub Suite","Test Class","Test Method","Name","Description"
"passed","Thu Dec 10 17:57:12 CST 2020","Thu Dec 10 17:57:12 CST 2020","1","","task_testing","TestCalculator","","","test_div[div_negative]",""
"passed","Thu Dec 10 17:57:12 CST 2020","Thu Dec 10 17:57:12 CST 2020","0","","task_testing","TestCalculator","","","test_div[div_float]",""
"passed","Thu Dec 10 17:57:12 CST 2020","Thu Dec 10 17:57:12 CST 2020","1","","task_testing","TestCalculator","","","test_sub[sub_float]",""
"passed","Thu Dec 10 17:57:12 CST 2020","Thu Dec 10 17:57:12 CST 2020","0","","task_testing","TestCalculator","","","test_sub[sub_negative]",""
"failed","Thu Dec 10 17:57:12 CST 2020","Thu Dec 10 17:57:12 CST 2020","1","","task_testing","TestCalculator","","","test_sub[空格]",""
"passed","Thu Dec 10 17:57:12 CST 2020","Thu Dec 10 17:57:12 CST 2020","0","","task_testing","TestCalculator","","","test_div[div_molecule_zero]",""
"failed","Thu Dec 10 17:57:12 CST 2020","Thu Dec 10 17:57:12 CST 2020","3","","task_testing","TestCalculator","","","test_mul[空格]",""
"passed","Thu Dec 10 17:57:12 CST 2020","Thu Dec 10 17:57:12 CST 2020","1","","task_testing","TestCalculator","","","test_mul[mul_float]",""
"passed","Thu Dec 10 17:57:12 CST 2020","Thu Dec 10 17:57:12 CST 2020","1","","task_testing","TestCalculator","","","test_mul[mul_zero]",""
"passed","Thu Dec 10 17:57:12 CST 2020","Thu Dec 10 17:57:12 CST 2020","1","","task_testing","TestCalculator","","","test_div[div_mix]",""
"passed","Thu Dec 10 17:57:12 CST 2020","Thu Dec 10 17:57:12 CST 2020","0","","task_testing","TestCalculator","","","test_mul[mul_int]",""
"passed","Thu Dec 10 17:57:12 CST 2020","Thu Dec 10 17:57:12 CST 2020","0","","task_testing","TestCalculator","","","test_add[add_huge]",""
"passed","Thu Dec 10 17:57:12 CST 2020","Thu Dec 10 17:57:12 CST 2020","0","","task_testing","TestCalculator","","","test_div[div_int]",""
"failed","Thu Dec 10 17:57:12 CST 2020","Thu Dec 10 17:57:12 CST 2020","3","","task_testing","TestCalculator","","","test_div[div_denominator_zero]",""
"passed","Thu Dec 10 17:57:12 CST 2020","Thu Dec 10 17:57:12 CST 2020","0","","task_testing","TestCalculator","","","test_mul[mul_huge]",""
"failed","Thu Dec 10 17:57:12 CST 2020","Thu Dec 10 17:57:12 CST 2020","0","","task_testing","TestCalculator","","","test_add[空格]",""
"passed","Thu Dec 10 17:57:12 CST 2020","Thu Dec 10 17:57:12 CST 2020","0","","task_testing","TestCalculator","","","test_div[div_huge]",""
"passed","Thu Dec 10 17:57:11 CST 2020","Thu Dec 10 17:57:11 CST 2020","0","","task_testing","TestCalculator","","","test_add[add_int]",""
"passed","Thu Dec 10 17:57:12 CST 2020","Thu Dec 10 17:57:12 CST 2020","1","","task_testing","TestCalculator","","","test_sub[sub_int]",""
"passed","Thu Dec 10 17:57:11 CST 2020","Thu Dec 10 17:57:11 CST 2020","0","","task_testing","TestCalculator","","","test_add[add_negative]",""
"passed","Thu Dec 10 17:57:11 CST 2020","Thu Dec 10 17:57:11 CST 2020","0","","task_testing","TestCalculator","","","test_add[add_float]",""
"passed","Thu Dec 10 17:57:12 CST 2020","Thu Dec 10 17:57:12 CST 2020","0","","task_testing","TestCalculator","","","test_mul[mul_negative]",""
"passed","Thu Dec 10 17:57:12 CST 2020","Thu Dec 10 17:57:12 CST 2020","0","","task_testing","TestCalculator","","","test_sub[sub_mix]",""
"passed","Thu Dec 10 17:57:12 CST 2020","Thu Dec 10 17:57:12 CST 2020","0","","task_testing","TestCalculator","","","test_sub[sub_huge]",""
"passed","Thu Dec 10 17:57:12 CST 2020","Thu Dec 10 17:57:12 CST 2020","1","","task_testing","TestCalculator","","","test_add[add_mix]",""
"failed","Thu Dec 10 17:57:12 CST 2020","Thu Dec 10 17:57:12 CST 2020","1","","task_testing","TestCalculator","","","test_div[空格]",""
"passed","Thu Dec 10 17:57:12 CST 2020","Thu Dec 10 17:57:12 CST 2020","0","","task_testing","TestCalculator","","","test_mul[mul_mix]",""
